<?xml version="1.0" encoding="UTF-8"?>
<project-private xmlns="http://www.netbeans.org/ns/project-private/1">
    <editor-bookmarks xmlns="http://www.netbeans.org/ns/editor-bookmarks/2" lastBookmarkId="0"/>
    <open-files xmlns="http://www.netbeans.org/ns/projectui-open-files/2">
        <group>
            <file>file:/C:/myNetb81/jsfEx/web/forMsg.xhtml</file>
            <file>file:/C:/myNetb81/jsfEx/src/java/com/jsf2/ex/NavigatingBean.java</file>
            <file>file:/C:/myNetb81/jsfEx/src/java/com/jsf2/ex/BookDTO.java</file>
            <file>file:/C:/myNetb81/jsfEx/web/showResult.xhtml</file>
            <file>file:/C:/myNetb81/jsfEx/src/java/com/jsf2/ex/WelcomeBean.java</file>
            <file>file:/C:/myNetb81/jsfEx/web/strMeth.xhtml</file>
            <file>file:/C:/myNetb81/jsfEx/web/WEB-INF/faces-config.xml</file>
            <file>file:/C:/myNetb81/jsfEx/src/java/com/jsf2/ex/ForMessagesBean.java</file>
            <file>file:/C:/myNetb81/jsfEx/src/java/com/jsf2/ex/LibraryBean.java</file>
            <file>file:/C:/myNetb81/jsfEx/web/index.xhtml</file>
            <file>file:/C:/myNetb81/jsfEx/web/showNav.xhtml</file>
        </group>
    </open-files>
</project-private>
