<?xml version="1.0" encoding="UTF-8"?>
<project-private xmlns="http://www.netbeans.org/ns/project-private/1">
    <editor-bookmarks xmlns="http://www.netbeans.org/ns/editor-bookmarks/2" lastBookmarkId="0"/>
    <open-files xmlns="http://www.netbeans.org/ns/projectui-open-files/2">
        <group>
            <file>file:/C:/myNetb81/jsfJpaRels/web/addStudent.xhtml</file>
            <file>file:/C:/myNetb81/jsfJpaRels/src/java/com/jee/jsf/OmDao.java</file>
            <file>file:/C:/myNetb81/jsfJpaRels/web/success.xhtml</file>
            <file>file:/C:/myNetb81/jsfJpaRels/src/java/com/jee/jsf/RelationManageBean.java</file>
            <file>file:/C:/myNetb81/jsfJpaRels/web/studentCourse.xhtml</file>
            <file>file:/C:/myNetb81/jsfJpaRels/src/conf/persistence.xml</file>
            <file>file:/C:/myNetb81/jsfJpaRels/src/java/com/jee/jsf/MasterCourse.java</file>
            <file>file:/C:/myNetb81/jsfJpaRels/src/java/com/jee/jsf/OmDaoImpl.java</file>
            <file>file:/C:/myNetb81/jsfJpaRels/web/addCourse.xhtml</file>
            <file>file:/C:/myNetb81/jsfJpaRels/src/java/com/jee/jsf/ChildStudents.java</file>
            <file>file:/C:/myNetb81/jsfJpaRels/web/index.xhtml</file>
        </group>
    </open-files>
</project-private>
