<?xml version="1.0" encoding="UTF-8"?>
<project-private xmlns="http://www.netbeans.org/ns/project-private/1">
    <editor-bookmarks xmlns="http://www.netbeans.org/ns/editor-bookmarks/2" lastBookmarkId="0"/>
    <open-files xmlns="http://www.netbeans.org/ns/projectui-open-files/2">
        <group>
            <file>file:/C:/myNetb81/jsf22Demo/web/useTempl.xhtml</file>
            <file>file:/C:/myNetb81/jsf22Demo/web/resources/myLogin/logTempl.xhtml</file>
            <file>file:/C:/myNetb81/jsf22Demo/src/java/htcjsfs/CoursesGiver.java</file>
            <file>file:/C:/myNetb81/jsf22Demo/web/index.xhtml</file>
            <file>file:/C:/myNetb81/jsf22Demo/src/java/htcjsfs/UserRegistrar.java</file>
            <file>file:/C:/myNetb81/jsf22Demo/src/java/htcjsfs/LoginUser.java</file>
            <file>file:/C:/myNetb81/jsf22Demo/web/simpLogin.xhtml</file>
            <file>file:/C:/myNetb81/jsf22Demo/web/mainTemp.xhtml</file>
            <file>file:/C:/myNetb81/jsf22Demo/src/java/htcjsfs/UserValidator.java</file>
            <file>file:/C:/myNetb81/jsf22Demo/web/status.xhtml</file>
        </group>
    </open-files>
</project-private>
