<?xml version="1.0" encoding="UTF-8" standalone="yes"?>
<products>
 
   <product>

        <id>100</id>

        <name>TV</name>

        <brand>samsung</brand>

        <date-procurement>2015-11-06</date-procurement>
        <qty>20</qty>

   </product>

   <product>

        <id>110</id>

        <name>TV</name>

        <brand>sony</brand>

        <date-procurement>2015-12-27</date-procurement>
       <qty>30</qty>

   </product>

   <product>

        <id>120</id>

        <name>TV</name>

        <brand>videocon</brand>

       <date-procurement>2016-01-06</date-procurement>
       <qty>30</qty>

   </product>

</products>
