<?xml  version="1.0" ?>

<zoo>
    <location>kalpakkam</location>
    <animal>    
      <famous-loc>All-Places</famous-loc>
      <name>Cat</name>
     <type>
         <type-name>Felines</type-name>
         <to-human-relation>  
         <hfriendly>true</hfriendly>
         </to-human-relation>
      </type>      
      <fav-food>Milk</fav-food>
      <enemity>Rat</enemity>
    </animal>
    <animal>
    <famous-loc>India,Africa</famous-loc>
    <name>Tiger</name>
      <type>         
         <type-name>Felines</type-name>
         <to-human-relation>
               <hfriendly>false</hfriendly>
         </to-human-relation>
      </type>
      
      
      <fav-food>Meat</fav-food>
      <enemity>Porcupine</enemity>
    </animal> 
    <animal>
      <famous-loc>Africa</famous-loc>
      <name>Lion</name>
      <type>
       <type-name>Felines</type-name>
       <to-human-relation>
         <hfriendly>false</hfriendly>
       </to-human-relation>
      </type>
      
     
      <fav-food>Meat</fav-food>
      <enemity>Elephant</enemity>
    </animal>
    <animal> 
     <famous-loc>Norway,USA,India</famous-loc>   
      <name>Cow</name>  
     <type>
         <type-name>Bovines</type-name>
         <to-human-relation>
            <hfriendly>true</hfriendly>
         </to-human-relation>
      </type>     
      <fav-food>Grass</fav-food>
      <enemity>Tiger</enemity>
    </animal>
    <animal>   
    <famous-loc>All-Places</famous-loc> 
    <name>Dog</name>  
      <type>
         <type-name>Canine</type-name>
         <to-human-relation>
           <hfriendly>true</hfriendly>
         </to-human-relation>          
     </type>     
      <fav-food>Meat,Milk</fav-food>
      <enemity>Thief</enemity>
    </animal>
</zoo>