[
{
"userId":"rirani",
"jobTitleName":"Developer",
"firstName":"Romin",
"lastName":"Irani",
"preferredFullName":"Romin Irani",
"employeeCode":"E1",
"region":"CA",
"phoneNumber":"408-1234567",
"emailAddress":"romin.k.irani@gmail.com"
},
{
"userId":"nirani",
"jobTitleName":"Developer",
"firstName":"Neil",
"lastName":"Irani",
"preferredFullName":"Neil Irani",
"employeeCode":"E2",
"region":"CA",
"phoneNumber":"408-1111111",
"emailAddress":"neilrirani@gmail.com"
},
{
"userId":"thanks",
"jobTitleName":"Program Directory",
"firstName":"Tom",
"lastName":"Hanks",
"preferredFullName":"Tom Hanks",
"employeeCode":"E3",
"region":"CA",
"phoneNumber":"408-2222222",
"emailAddress":"tomhanks@gmail.com"
},
{
"userId":"ravali",
"jobTitleName":"Developer",
"firstName":"Tom",
"lastName":"Ravali",
"preferredFullName":"Tom Ravali",
"employeeCode":"E4",
"region":"CA",
"phoneNumber":"408-2542222",
"emailAddress":"tomravali@gmail.com"
},
{
"userId":"mathews",
"jobTitleName":"Team Lead",
"firstName":"George",
"lastName":"Mathews",
"preferredFullName":"George Mathews",
"employeeCode":"E5",
"region":"NY",
"phoneNumber":"408-24445423",
"emailAddress":"mathewsg@gmail.com"
}
]
