<?xml version="1.0"?>
<products>
  <product id="T100">
   <prod-name>TV</prod-name>
   <brand>Samsung</brand>
   <prod-cost>32453.5</prod-cost>
   <dealer>M/s Vasanth &amp; Co</dealer>
   <qty>20</qty>
  </product>
  <product id="T110" >
   <prod-name>TV</prod-name>
   <brand>Sony</brand>
   <prod-cost>43453.5</prod-cost>
   <dealer>M/s Sarath Dealers</dealer>
   <qty>30</qty>
  </product>
  <product id="T120">
   <prod-id>120</prod-id>
   <prod-name>TV</prod-name>
   <brand>Aiwa</brand>
   <prod-cost>29233.5</prod-cost>
   <dealer>M/s Samyukta Enterprises</dealer> 
   <qty>30</qty>
  </product>
  <product id="T130">
   <prod-id>130</prod-id>
   <prod-name>TV</prod-name>
   <brand>Toshiba</brand>
   <prod-cost>42453.5</prod-cost>
   <dealer>M/s Vel Brothers</dealer>
   <qty>30</qty>
  </product>
  <product id="T140">
   <prod-name>TV</prod-name>
   <brand>videocon</brand>
   <prod-cost>31453.5</prod-cost>
   <dealer>M/s Murugesan &amp; Bros</dealer>
   <qty>30</qty>
  </product>
</products>