<?xml version="1.0" encoding="UTF-8" standalone="yes"?>
<books>
    <book id="c200">
        <name>Nirvana</name>
        <author>buda</author>
        <publisher>M/s Emesko Printers</publisher>
        <price>497.0</price>
    </book>
    <book id="c300">
        <name>To become No:1</name>
        <author>Yandamuri</author>
        <publisher>M/s Vishal Printers</publisher>
        <price>320.0</price>
    </book>
    <book id="c400">
        <name>Dieting</name>
        <author>Jayadeva Kannan</author>
        <publisher>M/s Vasundhara Printers</publisher>
        <price>487.0</price>
    </book>
    <book id="c500">
        <name>Gardening</name>
        <author>Vakkalanka BhumikaIyer</author>
        <publisher>M/s Vasundhara Printers</publisher>
        <price>431.0</price>
    </book>
    <book id="c600">
        <name>Dreaming</name>
        <author>Niranjan Mehtha</author>
        <publisher>M/s Wrox Publishers</publisher>
        <price>619.0</price>
    </book>
    <book id="c2100">
        <name>Fate Wishes Who</name>
        <author>Arun Dave</author>
        <pub_date>March, 2012</pub_date>
        <publisher>M/s Vishal Books</publisher>
        <price>543.5</price>
    </book>
</books>
