<?xml version="1.0" encoding="utf-8"?>
<hibernate-configuration
        xmlns="http://www.hibernate.org/xsd/orm/cfg"
        xsi:schemaLocation="http://www.hibernate.org/xsd/orm/cfg hibernate-configuration-4.0.xsd"
        xmlns:xsi="http://www.w3.org/2001/XMLSchema-instance">
<session-factory>
    <!-- Database connection settings -->

    <property name="connection.driver_class">org.postgresql.Driver</property>

    <property  name="connection.url">
       jdbc:postgresql://localhost:5432/samp</property>

    <property name="connection.username">postgres</property>

    <property name="connection.password">mother</property>



    <!-- JDBC connection pool (use the built-in) -->

    <property name="connection.pool_size">1</property>



    <!-- SQL dialect -->

    <property name="dialect">org.hibernate.dialect.PostgreSQLDialect</property>

    <!-- Enable Hibernate's automatic session context management -->

    <property name="current_session_context_class">thread</property>
   <!-- Disable the second-level cache  -->

    <property name="cache.provider_class">org.hibernate.cache.NoCacheProvider</property>
  
	
  </session-factory>
</hibernate-configuration>
