<?xml  version="1.0" ?>
<zoo>
    <animal>
      <type>Felines</type>
      <name>Cat</name>
      <famous-loc>All-Places</famous-loc>
      <fav-food>Milk</fav-food>
      <enemity>Rat</enemity>
    </animal>
    <animal>
      <type>Felines</type>
      <name>Tiger</name>
      <famous-loc>India,Africa</famous-loc>
      <fav-food>Meat</fav-food>
      <enemity>Porcupine</enemity>
    </animal> 
    <animal>
      <type>Felines</type>
      <name>Lion</name>
      <famous-loc>Africa</famous-loc>
      <fav-food>Meat</fav-food>
      <enemity>Elephant</enemity>
    </animal>
    <animal>
      <type>Bovines</type>
      <name>Cow</name>
      <famous-loc>Norway,USA,India</famous-loc>
      <fav-food>Grass</fav-food>
      <enemity>tiger</enemity>
    </animal>
    <animal>
      <type>Bovines</type>
      <name>Buffalo</name>
      <famous-loc>Africa,USA,India</famous-loc>
      <fav-food>Grass</fav-food>
      <enemity>tiger</enemity>
    </animal>
    <animal>
      <type>Canine</type>
      <name>Dog</name>
      <famous-loc>All-Places</famous-loc>
      <fav-food>Meat,Milk</fav-food>
      <enemity>Cat</enemity>
    </animal>
</zoo>