<?xml version="1.0" encoding="UTF-8" standalone="yes"?>
<Students>
    <students stuId="C100">
        <stuName>Santosh</stuName>
        <course>B.Sc</course>
        <college>St Joseph College</college>
        <address>
            <houseNo>5/43</houseNo>
            <street>Venkateswara Colony</street>
            <area>Saroor Nagar</area>
            <city>Hyderabad</city>
            <pincode>500032</pincode>
        </address>
        <subjects>
            <subject>English</subject>
            <subject>Telugu</subject>
            <subject>Mathematics</subject>
            <subject>Physics</subject>
            <subject>Chemistry</subject>
            <subject>Computers</subject>
            <subject>Sociology</subject>
        </subjects>
    </students>
    <students stuId="C110">
        <stuName>Meghanadh</stuName>
        <course>B.Sc</course>
        <college>Swamy Vivekananda College</college>
        <address>
            <houseNo>43/65 A</houseNo>
            <street>opp to PostOffice</street>
            <area>Malakpet</area>
            <city>Hyderabad</city>
            <pincode>500035</pincode>
        </address>
        <subjects>
            <subject>English</subject>
            <subject>Telugu</subject>
            <subject>Biology</subject>
            <subject>Zoology</subject>
            <subject>Chemistry</subject>
            <subject>Computers</subject>
            <subject>Sociology</subject>
        </subjects>
    </students>
    <students stuId="C120">
        <stuName>Swaroopa</stuName>
        <course>B.Com</course>
        <college>Budding Giants College</college>
        <subjects>
            <subject>English</subject>
            <subject>Telugu</subject>
            <subject>Commerce</subject>
            <subject>Company Law</subject>
            <subject>Accounts</subject>
            <subject>Computers</subject>
            <subject>Sociology</subject>
        </subjects>
    </students>
</Students>
