<?xml version="1.0" encoding="UTF-8"?>
<project-private xmlns="http://www.netbeans.org/ns/project-private/1">
    <editor-bookmarks xmlns="http://www.netbeans.org/ns/editor-bookmarks/2" lastBookmarkId="0"/>
    <open-files xmlns="http://www.netbeans.org/ns/projectui-open-files/2">
        <group>
            <file>file:/C:/Users/rajen/Documents/NetBeansProjects/jsfJdbc/web/listing.xhtml</file>
            <file>file:/C:/Users/rajen/Documents/NetBeansProjects/jsfJdbc/web/failure.xhtml</file>
            <file>file:/C:/Users/rajen/Documents/NetBeansProjects/jsfJdbc/web/updateItem.xhtml</file>
            <file>file:/C:/Users/rajen/Documents/NetBeansProjects/jsfJdbc/web/index.xhtml</file>
            <file>file:/C:/Users/rajen/Documents/NetBeansProjects/jsfJdbc/web/success.xhtml</file>
            <file>file:/C:/Users/rajen/Documents/NetBeansProjects/jsfJdbc/src/java/com/jee/jsf/ItemsBean.java</file>
            <file>file:/C:/Users/rajen/Documents/NetBeansProjects/jsfJdbc/web/addItem.xhtml</file>
            <file>file:/C:/Users/rajen/Documents/NetBeansProjects/jsfJdbc/src/java/com/jee/jsf/utils/JdbcItemManipulator.java</file>
            <file>file:/C:/Users/rajen/Documents/NetBeansProjects/jsfJdbc/src/java/com/jee/jsf/utils/JdbcItemTO.java</file>
            <file>file:/C:/Users/rajen/Documents/NetBeansProjects/jsfJdbc/web/deleteItem.xhtml</file>
            <file>file:/C:/Users/rajen/Documents/NetBeansProjects/jsfJdbc/web/searchItem.xhtml</file>
            <file>file:/C:/Users/rajen/Documents/NetBeansProjects/jsfJdbc/src/java/com/jee/jsf/utils/ItemDao.java</file>
        </group>
    </open-files>
</project-private>
