<?xml version="1.0" encoding="UTF-8"?>
<faces-config xmlns="http://xmlns.jcp.org/xml/ns/javaee"
    xmlns:xsi="http://www.w3.org/2001/XMLSchema-instance"
    xsi:schemaLocation="http://xmlns.jcp.org/xml/ns/javaee
        http://xmlns.jcp.org/xml/ns/javaee/web-facesconfig_2_2.xsd"
    version="2.2">
 <navigation-rule>
     <from-view-id>/showNav.xhtml</from-view-id>
     <navigation-case>
         <from-outcome>page_2</from-outcome>
         <to-view-id>/navPage2.xhtml</to-view-id>
     </navigation-case>    
 </navigation-rule>
 <navigation-rule>
     <from-view-id>/navPage3.xhtml</from-view-id>
     <navigation-case>
         <from-outcome>page_1</from-outcome>
         <to-view-id>/showNav.xhtml</to-view-id>
     </navigation-case>    
 </navigation-rule>    
 <navigation-rule>
     <from-view-id>/navPage2.xhtml</from-view-id>
    <navigation-case>
        <from-action>#{navBean.login()}</from-action>
        <if>#{navBean.navFlag}</if>
        <to-view-id>/navPage4.xhtml</to-view-id>        
    </navigation-case>    
 </navigation-rule>      
    
</faces-config>