<courses xmlns:xsi="http://www.w3.org/2001/XMLSchema-instance"
 xsi:noNamespaceSchemaLocation="courses.xsd">
  <course id="ch1232">
    <course-name>B.Sc</course-name>
    <head>Madivanan</head>
    <subjects>
        <subject>Maths</subject>
        <subject>Physics</subject>
        <subject>Chemistry</subject>
    </subjects>
    <building>Vinay Vihara</building>    
  </course>
  
  
  <course  id="ch4325">
      <course-name>B.A</course-name>
    <head>Madivanan</head>
    <block-name>Vivek Vardini</block-name>
    <subjects>
        <subject>Maths</subject>
        <subject>Economics</subject>
        <subject>Politics</subject>
    </subjects> 
  </course>
</courses>