<?xml  version="1.0" ?>
<!DOCTYPE schoolatt SYSTEM "ex2m_dtd.dtd">
<schoolatt xmlns:st="ex2s_dtd.dtd">
  <course-class>
   <course main="chemistry">cbz</course>
   <strength>25</strength>
  </course-class>
 <course-class> 
  <course>
      <name>M.P.C</name>
       <st:student>
         <st:id>120</st:id>
         <st:name>veeresh</st:name>
         <st:age>21</st:age>
       </st:student>
   </course>
   <strength>45</strength>
 </course-class>
 <course-class>
   <course class="B.sc">
    <name>B.P.C</name>
      <st:student>
         <st:id>140</st:id>
         <st:name>santosh</st:name>
         <st:age>20</st:age>
       </st:student>
   </course>
  <strength>65</strength>
 </course-class>
</schoolatt> 