<?xml version="1.0"?>
<!DOCTYPE locations[
<!NOTATION gif SYSTEM "GIF" >
<!ENTITY loc1 SYSTEM "banana.gif" NDATA gif>
<!ENTITY loc2 SYSTEM "carrot.gif" NDATA gif>
<!ENTITY loc3 SYSTEM "burger.gif" NDATA gif>
<!ENTITY loc4 SYSTEM "grapes.gif" NDATA gif>
]>

<locations xmlns:xsi="http://www.w3.org/2001/XMLSchema-instance"
xsi:noNamespaceSchemaLocation='locations.xsd'>

 <location>
   <area>chromepet</area>
   <address pincode="600043">Chennai</address>
   <eatable source="loc1" />
 </location>

 <location>
   <area>GandhiNagar</area>
   <address pincode="5200022">Vijayawada</address>
   <eatable source="loc2" />
 </location>

 <location>
   <area>RKPuram</area>
   <address pincode="100045">NewDelhi</address>
    <eatable source="loc3" />
 </location>

 <location>
   <area>Ghatkopar</area>
   <address pincode="400025">Mumbai</address>
    <eatable source="loc4" />
 </location>

</locations>