<?xml  version="1.0" ?>
<students xmlns:xsi="http://www.w3.org/2001/XMLSchema-instance" 
          xsi:noNamespaceSchemaLocation="sample.xsd">
 <student stu-id="c110">
   <stu-name>Prasanna</stu-name>
   <stu-course>B.Sc</stu-course>
   <stu-dob>1983-04-09</stu-dob>
   <subjects>
     <subject>Mathematics</subject>
     <subject>Physics</subject>
     <subject>Chemistry</subject>
     <subject>CompLang-C</subject>
   </subjects>
  </student>
 <student stu-id="c120">
   <stu-name>Sandeepan</stu-name>
   <stu-course>B.Com</stu-course>
   <stu-dob>1983-05-23</stu-dob>
   <subjects>
     <subject>Accounts</subject>
     <subject>Economics</subject>
     <subject>Commerce</subject>
     <subject>CompLang-Oracle</subject>
   </subjects>
  </student>
  </students> 
      
     