<students>
  <student stu-id="c130">
    <stu-name>Savitha</stu-name>
    <stu-course>M.C.A</stu-course>
    <stu-dob>1983-03-23</stu-dob>
    <subjects>
      <subject>JEE</subject>
      <subject>Asp.Net</subject>
      <subject>C++</subject>
      <subject>XML</subject>
      <subject>MainFrames</subject>
      <subject>Oracle</subject>
      <subject>SqlServer</subject>
    </subjects>
  </student>
  <student stu-id="c140">
    <stu-name>Nivedita</stu-name>
    <stu-course>B.A</stu-course>
    <stu-dob>1984-01-12</stu-dob>
    <subjects>
      <subject>History</subject>
      <subject>Geography</subject>
      <subject>Civics</subject>
      <subject>Economics</subject>
      <subject>Political Science</subject>
    </subjects>
  </student>
</students>