<?xml version="1.0" ?>
<!DOCTYPE employee [
<!ELEMENT employee (dept,job-details?,salary)>
<!ELEMENT dept (id,(name|dname),place)>
<!ELEMENT job-details ANY>
<!ELEMENT salary (basic,da,hra)>
<!ELEMENT id  (#PCDATA)>
<!ELEMENT  name  (#PCDATA)>
<!ELEMENT  place  (#PCDATA)>
<!ELEMENT basic  (#PCDATA)>
<!ELEMENT  da  (#PCDATA)>
<!ELEMENT hra  (#PCDATA)>
<!ENTITY spl "manama">
<!ATTLIST  employee  id  ID  #REQUIRED > ]>

<employee id="s100">

  <dept>
     <id> 543 </id>
     <name> accounts &spl;</name>
     <place> Chennai </place>
  </dept>

  <salary>

     <basic> 9000 </basic>

     <da> 5000 </da>
     <hra> 3000 </hra>
  </salary>

</employee>