<?xml  version="1.0"  ?>

<students xmlns:xsi="http://www.w3.org/2001/XMLSchema-instance"
          xsi:noNamespaceSchemaLocation="students.xsd">

  <student id="d300">

    <name>venkatesan</name>
    <college>Vivek &apos; College</college>
    <course>B.Sc</course>
    <year>one</year> 

  </student>

  <student id="d400">

    <name>sandesh</name>
    <college>Loyola &apos; College</college>
    <course>B.Com</course>
    <year>two</year> 
  
  </student>  

</students>