<?xml  version="1.0"  ?>
<students xmlns:xsi="http://www.w3.org/2001/XMLSchema-instance"
xsi:noNamespaceSchemaLocation="xsdstudent.xsd">

<student dob="1987" sid="200">
  <id>200</id>
  <name>Venkatesh</name>
  <place>virudnagar</place>
  <age>24</age> 
  <course>mpc</course>
  <subs>maths physics chemistry</subs>
  <challan>a8998</challan>
  <image src="pers2.gif" /> 
</student>

<student dob="1998" sid="400">
  <id>300</id>
  <name>Santoshan</name>
  <place>madurai</place>
  <age>38</age>
  <course>cbz</course>
  <subs>chemistry biology zoology</subs>
  <challan>894</challan>
  <image src="pers1.gif" />
</student>  
</students>