<?xml version="1.0" encoding="UTF-8" standalone="yes"?>
<?xml-stylesheet type="text/xsl"  href="calltrial.xsl" ?>
<tourist-info>
   <tourism-place>
     <name>Place:Tirupati</name>
     <distance>from Chennai:250 Kms</distance>
     <cost>Charges:Rs:120/-</cost>
     <operator>
       <name>Travel Agent:Vivegam Travels,</name>
       <place>Guindy</place>
     </operator>
     <timings>
       <timing>Times:6 A.M &amp;</timing>
       <timing>10 P.M</timing>
     </timings>
   </tourism-place>
   
    <tourism-place>
     <name>Place:Kanyakumari</name>
     <distance>from Chennai:750 Kms</distance>
     <cost>Charges:Rs:280/-</cost>
     <operator>
       <name>Travel Agent:Cozy Travels,</name>
       <place>Tambaram</place>
     </operator>
     <timings>
       <timing>Times:5 A.M &amp;</timing>
       <timing>8 P.M</timing>
     </timings>
   </tourism-place>
</tourist-info>
