<?xml version="1.0" encoding="UTF-8"?>
<project-private xmlns="http://www.netbeans.org/ns/project-private/1">
    <editor-bookmarks xmlns="http://www.netbeans.org/ns/editor-bookmarks/2" lastBookmarkId="0"/>
    <open-files xmlns="http://www.netbeans.org/ns/projectui-open-files/2">
        <group>
            <file>file:/E:/myNetb81/jsfUpload/web/failure.xhtml</file>
            <file>file:/E:/myNetb81/jsfUpload/src/java/messages.properties</file>
            <file>file:/E:/myNetb81/jsfUpload/src/java/htcjsfs/SupportMember.java</file>
            <file>file:/E:/myNetb81/jsfUpload/src/java/htcjsfs/UploadingBean.java</file>
            <file>file:/E:/myNetb81/jsfUpload/web/uploading.xhtml</file>
            <file>file:/E:/myNetb81/jsfUpload/web/index.xhtml</file>
            <file>file:/E:/myNetb81/jsfUpload/web/success.xhtml</file>
            <file>file:/E:/myNetb81/jsfUpload/src/java/htcjsfs/CustomerSupportBean.java</file>
        </group>
    </open-files>
</project-private>
