<?xml version="1.0" encoding="UTF-8"?>
<cities xmlns:xsi="http://www.w3.org/2001/XMLSchema-instance"
 xsi:noNamespaceSchemaLocation="cities.xsd">
 <city  id="s100">
  <first-name>Mumbai</first-name>
  <state>Maharashtra</state>
  <population>21000000</population>
  <famous-for>Bollywood</famous-for>
 </city>
<city  id="s200">
  <first-name>New Delhi</first-name>
  <state>NCR</state>
  <population>12000000</population>
  <famous-for>Capital</famous-for>
 </city>
<city  id="s300">
  <first-name>Hyderabad</first-name>
  <state>Telangana</state>
  <population>6500000</population>
  <famous-for>StateCapital</famous-for>
 </city>
</cities>