[{"adharId":"s23432",
        "name":"Satgunan",
        "salary":23000.5,
        "designation":"Developer"},

{"adharId":"s13432",
        "name":"Raman",
        "salary":23300.5,
        "designation":"Analyst"},

{"adharId":"s27432",
        "name":"Sarath",
        "salary":24300.5,
        "designation":"Team Leader"},

{"adharId":"s25432",
        "name":"Lavanya",
        "salary":24500.5,
        "designation":"Tester"},

{"adharId":"s23732",
        "name":"Narmada",
        "salary":26500.5,
        "designation":"Developer"},

{"adharId":"s29432",
        "name":"KosalRam",
        "salary":27500.5,
        "designation":"Developer"}
]


