<?xml version="1.0" encoding="UTF-8"?>
<!DOCTYPE log4j:configuration PUBLIC  "-//APACHE//DTD LOG4J 1.2//EN" "http://logging.apache.org/log4j/1.2/apidocs/org/apache/log4j/xml/doc-files/log4j.dtd">

<log4j:configuration xmlns:log4j="http://jakarta.apache.org/log4j/">

	<!-- Appenders -->
	<appender name="console" class="org.apache.log4j.ConsoleAppender">
		<param name="Target" value="System.out" />
		<layout class="org.apache.log4j.PatternLayout">
			<param name="ConversionPattern" value="%-5p: %c - %m%n" />
		</layout>
	</appender>

	<!-- Application logger -->
	<logger name="tx">
		<level value="warn" />
	</logger>

	<!-- 3rdparty Loggers -->
	<logger name="org.springframework.beans">
		<level value="warn" />
	</logger>
	
	<logger name="org.springframework.jdbc">
		<level value="warn" />
	</logger>

	<logger name="org.springframework.transaction">
		<level value="warn" />
	</logger>

	<logger name="org.springframework.orm">
		<level value="warn" />
	</logger>

	
	<!-- Root Logger -->
	<root>
		<priority value="info" /><!--
		<level value="info"></level>
		--><appender-ref ref="console" />
	</root>
	
</log4j:configuration>