<?xml  version="1.0" ?>
<markets xmlns:xsi="http://www.w3.org/2001/XMLSchema-instance"
xsi:noNamespaceSchemaLocation="markets.xsd">

<market name="BeachBazar" area="BeachRoad">
        <items>
         <item>
           <item-id>90</item-id>
           <item-name>DVD Player</item-name>
           <item-cost>3555.00</item-cost>
         </item>
         <item>
           <item-id>92</item-id>
           <item-name>ipad Player</item-name>
           <item-cost>3100.60</item-cost>
         </item>
         <item>
           <item-id>94</item-id>
           <item-name>Hot Plate</item-name>
           <item-cost>3546.00</item-cost>
         </item>
         <item>
           <item-id>96</item-id>
           <item-name>Water Purifier</item-name>
           <item-cost>4325.50</item-cost>
         </item>
         </items>
       </market>     
     <market name="BurmaBazar" area="pariscorner">
        <items>
         <item>
           <item-id>100</item-id>
           <item-name>Pen Set</item-name>
           <item-cost>55.60</item-cost>
         </item>
         <item>
           <item-id>102</item-id>
           <item-name>Addresses Note Pad</item-name>
           <item-cost>18.60</item-cost>
         </item>
         <item>
           <item-id>104</item-id>
           <item-name>Writing Pad</item-name>
           <item-cost>45.60</item-cost>
         </item>
         <item>
           <item-id>108</item-id>
           <item-name>Mouse Pad</item-name>
           <item-cost>35.50</item-cost>
         </item>
         </items>
       </market>     
     <market name="PondyBazar" area="TNagar">
        <items>
         <item>
           <item-id>110</item-id>
           <item-name>Raymonds T Shirt</item-name>
           <item-cost>350.60</item-cost>
         </item>
         <item>
           <item-id>112</item-id>
           <item-name>Lee Jeans</item-name>
           <item-cost>1800.00</item-cost>
         </item>
         <item>
           <item-id>114</item-id>
           <item-name>Fancy School Cycle</item-name>
           <item-cost>1245.00</item-cost>
         </item>
         <item>
           <item-id>116</item-id>
           <item-name>Child Fancy Dress</item-name>
           <item-cost>875.50</item-cost>
         </item>
         </items>
       </market>           
 </markets>
    
