<?xml version="1.0" ?>
<books>
 <book publisher="M/s Manning &amp; Co">
  <code>16-1234</code>
  <category>Scripting</category>
  <release-date>1998-05-12</release-date>
  <title>Instant JavaScript</title>
  <price>Rs435.87</price>
 </book>
 <book publisher="M/s Packt Co">
  <code>87-9809</code>
  <category>JSP</category>
  <release-date>1999-05-22</release-date>
  <title>Java Server Pages</title>
  <price>Rs658.87</price>
 </book>
  <book publisher="M/s ABC Co">
  <code>66-4234</code>
  <category>XML</category>
  <release-date>1999-11-10</release-date>
  <title>Extensible markup language</title>
  <price>Rs634.87</price>
 </book>
  <book publisher="M/s Chennai Tech Books Co">
  <code>54-1234</code>
  <category>WML</category>
  <release-date>1999-11-12</release-date>
  <title>Wireless Markup Language</title>
  <price>Rs345.87</price>
 </book>
</books>
 