<beans xmlns="http://www.springframework.org/schema/beans"
   xmlns:xsi="http://www.w3.org/2001/XMLSchema-instance"
   xmlns:aop="http://www.springframework.org/schema/aop"
   xsi:schemaLocation="http://www.springframework.org/schema/beans
   http://www.springframework.org/schema/beans/spring-beans-3.0.xsd
   http://www.springframework.org/schema/aop
   http://www.springframework.org/schema/aop/spring-aop-3.0.xsd">

   <bean id="singer" class="xmlaop.SingingBean" />

   <bean id="commentor"
       class="xmlaop.SongCommentor" />
  
   <aop:config>

      <aop:aspect ref="commentor">

      <aop:pointcut id="singing"
             expression="execution(* *.sing(..))" />
      
      <aop:before pointcut-ref="singing" method="atSongStart" />

      <aop:after pointcut-ref="singing" method="atSongEnd" />

    </aop:aspect>
  
  </aop:config>

 </beans>