<?xml version="1.0" encoding="UTF-8"?>
<project-private xmlns="http://www.netbeans.org/ns/project-private/1">
    <editor-bookmarks xmlns="http://www.netbeans.org/ns/editor-bookmarks/2" lastBookmarkId="0"/>
    <open-files xmlns="http://www.netbeans.org/ns/projectui-open-files/2">
        <group>
            <file>file:/C:/myNetb81/jsf22Html5/web/index.xhtml</file>
            <file>file:/C:/myNetb81/jsf22Html5/web/resources/scripts/simp.js</file>
            <file>file:/C:/myNetb81/jsf22Html5/web/resources/styles/main.css</file>
            <file>file:/C:/myNetb81/jsf22Html5/src/java/htcjsfs/PersonBean.java</file>
            <file>file:/C:/myNetb81/jsf22Html5/web/failure.xhtml</file>
            <file>file:/C:/myNetb81/jsf22Html5/web/success.xhtml</file>
            <file>file:/C:/myNetb81/jsf22Html5/src/java/htcjsfs/PersonRegistrarBean.java</file>
        </group>
    </open-files>
</project-private>
