<?xml  version="1.0"  ?>
<students xmlns:xsi="http://www.w3.org/2001/XMLSchema-instance"
           xsi:noNamespaceSchemaLocation="xsdstudent.xsd">

 <student dob="1987" stuId="s200">
   <id>2001</id>
   <name>Venkatesh</name>
   <place>virudnagar</place>
   <age>24</age> 
   <course>mpc</course>
   <subs>maths physics chemistry</subs>
   <challan>a8998</challan>
   <current-points>324.12</current-points>
   <image src="pers2.gif" /> 
 </student>

<student dob="1998" stuId="s400">
  <id>300</id>
  <name>Santoshan</name>
  <place>madurai</place>
  <age>38</age>
  <course>cbz</course>
  <subs>chemistry biology zoology</subs>
  <challan>894</challan>
  <current-points>334.12</current-points>
  <image src="pers1.gif" />
</student>  
<student dob="1999" stuId="s600">
  <id>400</id>
  <name>SantoshSivan</name>
  <place/>
  <age>38</age>
  <course>bca</course>
  <subs>Maths1 Math2 Physics</subs>
  <challan>a1232</challan>
  <current-points>366.12</current-points>
  <image src="pers3.gif" />
</student>  


</students>
