<?xml version="1.0" encoding="UTF-8"?>
<project-private xmlns="http://www.netbeans.org/ns/project-private/1">
    <editor-bookmarks xmlns="http://www.netbeans.org/ns/editor-bookmarks/2" lastBookmarkId="0"/>
    <open-files xmlns="http://www.netbeans.org/ns/projectui-open-files/2">
        <group>
            <file>file:/C:/myNetb81/jee7chap4A/src/java/com/jsf2/ex/FaceletsBean.java</file>
            <file>file:/C:/myNetb81/jee7chap4A/web/authors.xhtml</file>
            <file>file:/C:/myNetb81/jee7chap4A/web/templates/sampTemplate.xhtml</file>
            <file>file:/C:/myNetb81/jee7chap4A/web/resources/css/default.css</file>
            <file>file:/C:/myNetb81/jee7chap4A/web/books.xhtml</file>
            <file>file:/C:/myNetb81/jee7chap4A/web/index.xhtml</file>
            <file>file:/C:/myNetb81/jee7chap4A/web/resources/images/bird.jpg</file>
            <file>file:/C:/myNetb81/jee7chap4A/web/resources/css/cssLayout.css</file>
        </group>
    </open-files>
</project-private>
