<?xml version="1.0" encoding="UTF-8" standalone="yes"?>
<employees>
    <employee>
        <empNum>M654</empNum>
        <empName>Aneesh</empName>
        <job>Developer</job>
        <salary>30000.5</salary>
        <deptName>APFarms</deptName>
    </employee>
    <employee>
        <empNum>M684</empNum>
        <empName>Satish</empName>
        <job>Developer</job>
        <salary>31000.5</salary>
        <deptName>CICS</deptName>
    </employee>
    <employee>
        <empNum>M764</empNum>
        <empName>Raghu</empName>
        <job>Developer</job>
        <salary>32000.5</salary>
        <deptName>APFarms</deptName>
    </employee>
</employees>
