<?xml version="1.0" encoding="UTF-8"?>
<beans xmlns="http://www.springframework.org/schema/beans"
   xmlns:mvc="http://www.springframework.org/schema/mvc"
   xmlns:context="http://www.springframework.org/schema/context"
   xmlns:xsi="http://www.w3.org/2001/XMLSchema-instance"
   xsi:schemaLocation="http://www.springframework.org/schema/beans
         http://www.springframework.org/schema/beans/spring-beans-4.0.xsd
         http://www.springframework.org/schema/mvc	 
	 http://www.springframework.org/schema/mvc/spring-mvc.xsd
	 http://www.springframework.org/schema/context	 
         http://www.springframework.org/schema/context/spring-context-4.0.xsd">
 
    <context:component-scan base-package="com.spring.restEx" />
    
    <bean  id="person"  class="com.spring.restEx.Person" />
    
    <bean id="contentManager" 
   class="org.springframework.web.accept.ContentNegotiationManagerFactoryBean">
      <property name="favorPathExtension" value="true" />
      <property  name="ignoreAcceptHeader" value="true" />
      <property  name="useJaf" value="false" />
      <property name="defaultContentType"  value="text/html" />
      <property name="mediaTypes" >
       <map>
        <entry key="json" value="application/json" />
        <entry key="xml" value="application/xml" />
        <entry key="html"  value="text/html" />      
       </map>
      </property>
    
    
    </bean>
    
    <mvc:annotation-driven content-negotiation-manager="contentManager"/>
    
    <bean name="jspViewResolver" 
 class="org.springframework.web.servlet.view.InternalResourceViewResolver" >
      <property name="suffix" value=".jsp" />
      <property name="prefix" value="/jsps/" />
    
    </bean>
    
</beans>