<?xml version="1.0" encoding="UTF-8" standalone="yes"?>
<products>
 
   <product>

        <id>100</id>

        <name>TV</name>

        <brand>samsung</brand>

        <qty>20</qty>

   </product>

   <product>

        <id>110</id>

        <name>TV</name>

        <brand>sony</brand>

        <qty>30</qty>

   </product>

   <product>

        <id>120</id>

        <name>TV</name>

        <brand>videocon</brand>

        <qty>30</qty>

   </product>

</products>