<?xml version="1.0" encoding="UTF-8"?>
<project-private xmlns="http://www.netbeans.org/ns/project-private/1">
    <editor-bookmarks xmlns="http://www.netbeans.org/ns/editor-bookmarks/2" lastBookmarkId="0"/>
    <open-files xmlns="http://www.netbeans.org/ns/projectui-open-files/2">
        <group>
            <file>file:/C:/myNetb81/JsfDB/src/java/htcjsfs/ExamEntry.java</file>
            <file>file:/C:/myNetb81/JsfDB/web/entryDetails.xhtml</file>
            <file>file:/C:/myNetb81/JsfDB/src/java/htcjsfs/ExamEntriesService.java</file>
            <file>file:/C:/myNetb81/JsfDB/src/java/htcjsfs/LocationConverter.java</file>
            <file>file:/C:/myNetb81/JsfDB/src/java/messages.properties</file>
            <file>file:/C:/myNetb81/JsfDB/src/conf/persistence.xml</file>
        </group>
    </open-files>
</project-private>
