<?xml version="1.0" encoding="UTF-8"?>
<beans xmlns="http://www.springframework.org/schema/beans"
       xmlns:xsi="http://www.w3.org/2001/XMLSchema-instance"       
    xsi:schemaLocation="         
        http://www.springframework.org/schema/beans
        http://www.springframework.org/schema/beans/spring-beans-4.0.xsd">

    <bean  id="dblDeal" class="com.htc.spring.DoublesDeal" />

    <bean  id="replacer" class="com.htc.spring.DoublesDealReplacer" />
   

    <bean  id="counsel" class="springex.Faculty" >
      <property  name="name"  value="Ayyappan" />     
    </bean>
  
    <bean  id="student" class="springex.StudentService" >
      <property  name="courses"  ref="crs" />
      <property  name="course"  value="B.Sc[Engg]" />
      <property  name="college"  ref="clg" />
      <lookup-method name="getCounsellor"  bean="counsel" />     
    </bean>


</beans>   