<?xml version="1.0" encoding="UTF-8"?>
<beans xsi:schemaLocation=" http://www.springframework.org/schema/beans http://www.springframework.org/schema/beans/spring-beans.xsd http://www.springframework.org/schema/cpntext http://www.springframework.org/schema/context/spring-context.xsd" xmlns:context="http://www.springframework.org/schema/context" xmlns:xsi="http://www.w3.org/2001/XMLSchema-instance" xmlns="http://www.springframework.org/schema/beans">


    <bean  id="crs" class="springex.StudentCourses" />
    
    <bean  id="clg" class="springex.College" >
	 <constructor-arg  index="0" value="St Francies College" />
     <constructor-arg  index="1" value="Begumpet" />
    </bean>

    <bean  id="counsel" class="springex.Faculty" >
      <property  name="name"  value="Ayyappan" />     
    </bean>
  
    <bean  id="student" class="springex.StudentService" >
      <property  name="courses"  ref="crs" />
      <property  name="course"  value="B.Sc[Engg]" />
      <property  name="college"  ref="clg" />
      <lookup-method name="getCounsellor"  bean="counsel" />     
    </bean>


</beans>   