<?xml version="1.0" encoding="UTF-8"?>

<!DOCTYPE log4j:configuration SYSTEM "log4j.dtd">

<log4j:configuration xmlns:log4j="http://jakarta.apache.org/log4j/">


<appender class="org.apache.log4j.ConsoleAppender" name="console">

<param name="Target" value="System.out"/>


<layout class="org.apache.log4j.PatternLayout">

<param name="ConversionPattern" value="%-4r [%t] %-5p %c %x - %m%n"/>

</layout>

</appender>


<category name="org.springframework" additivity="false">
<priority value="INFO"/>

<appender-ref ref="console"/>

</category>


<root>

<priority value="error"/>

<appender-ref ref="console"/>

</root>

</log4j:configuration>