
  [
    {"adharId":"3454 2321 3243",
     "name": "Swamy Nathan",
     "occupation": "State Govt Service",
     "monthlyIncome":32650.5},
    {"adharId":"3298 1354 6547",
     "name": "Dhanrajan",
     "occupation": "Central Govt Service",
     "monthlyIncome":43680.5},
{"adharId":"5494 1871 3954",
     "name": "Velumani",
     "occupation": "State Govt Service",
     "monthlyIncome":37890.5},
{"adharId":"6551 7622 6573",
     "name": "Padmanabhan",
     "occupation": "Private Service",
     "monthlyIncome":54950.5},

{"adharId":"1324 8639 2329",
     "name": "Muthu Kumar",
     "occupation": "Private Service",
     "monthlyIncome":29870.5}]


